Logistic Regresion -LBFGS,"Logistic Regression, Liblinear",Naive Bayes, Linear SVC,SVC,kNN,Random Forest,LightGBM
0.0,0.0,1.2300123001230012,0.0,0.12300123001230012,0.12300123001230012,0.12300123001230012,0.12300123001230012
2.5830258302583027,2.8290282902829027,0.7380073800738007,0.0,2.214022140221402,7.380073800738007,6.888068880688807,5.412054120541206
13.407134071340712,13.530135301353013,3.075030750307503,0.0,6.888068880688807,9.59409594095941,9.348093480934809,10.45510455104551
4.305043050430505,4.305043050430505,15.129151291512915,23.985239852398525,4.182041820418204,6.642066420664207,8.241082410824108,7.872078720787208
18.81918819188192,18.81918819188192,2.8290282902829027,0.0,26.322263222632223,15.252152521525215,21.771217712177123,20.78720787207872
