Logistic Regresion -LBFGS,"Logistic Regression, Liblinear",Naive Bayes,Linear SVC,SVC,kNN,Random Forest,LightGBM
2.132998745294856,2.0075282308657463,0.7528230865746549,0.0,2.5094102885821834,6.398996235884567,7.402760351317441,6.649937264742785
13.42534504391468,13.174404015056462,2.3839397741530743,27.22710163111669,7.026348808030113,9.786700125470514,11.292346298619824,10.664993726474279
3.638644918444166,3.3877038895859477,14.93099121706399,0.0,4.893350062735257,7.277289836888332,7.277289836888332,6.398996235884567
19.949811794228356,20.326223337515685,14.052697616060225,0.12547051442910914,27.728983688833125,16.4366373902133,21.831869510664994,21.9573400250941
